Symptom1,Symptom2,Symptom3,Symptom4,Symptom5,Symptom6,Symptom7,Disease
Body Pain,Headache,Fatigue,Chills,Fever,Cough,Sore Throat,Flu
Cough,Shortness of Breath,Sweating,Chest Pain,Fatigue,Wheezing,Anxiety,Asthma
Fatigue,Fever,Sore Throat,Loss of Smell,Shortness of Breath,Chest Pain,Cough,COVID-19
Cough,Fever,Loss of Smell,Chest Pain,Shortness of Breath,Fatigue,Sore Throat,COVID-19
Sweating,Anxiety,Wheezing,Fatigue,Cough,Chest Pain,Shortness of Breath,Asthma
Nausea,Anxiety,Dizziness,Chest Pain,Sweating,Shortness of Breath,Fatigue,Heart Disease
Itching,Runny Nose,Cough,Rash,Swelling,Red Eyes,Sneezing,Allergy
Rash,Runny Nose,Swelling,Sneezing,Red Eyes,Itching,Cough,Allergy
Cough,Sore Throat,Fever,Fatigue,Chest Pain,Shortness of Breath,Loss of Smell,COVID-19
Chest Pain,Dizziness,Shortness of Breath,Fatigue,Anxiety,Sweating,Nausea,Heart Disease
Chest Pain,Shortness of Breath,Sweating,Fatigue,Anxiety,Nausea,Dizziness,Heart Disease
Chest Pain,Fever,Sore Throat,Loss of Smell,Fatigue,Cough,Shortness of Breath,COVID-19
Runny Nose,Swelling,Itching,Rash,Red Eyes,Sneezing,Cough,Allergy
Weight Loss,Lack of Concentration,Fatigue,Depression,Weight Gain,Sleep Problems,Anxiety,Depression
Anxiety,Weight Loss,Fatigue,Weight Gain,Sleep Problems,Depression,Lack of Concentration,Depression
Depression,Weight Loss,Lack of Concentration,Sleep Problems,Weight Gain,Anxiety,Fatigue,Depression
Shortness of Breath,Fatigue,Anxiety,Cough,Chest Pain,Wheezing,Sweating,Asthma
Cough,Fatigue,Shortness of Breath,Wheezing,Chest Pain,Anxiety,Sweating,Asthma
Cough,Swelling,Sneezing,Red Eyes,Runny Nose,Itching,Rash,Allergy
Wheezing,Shortness of Breath,Fatigue,Anxiety,Sweating,Cough,Chest Pain,Asthma
Chest Pain,Fever,Fatigue,Sore Throat,Loss of Smell,Cough,Shortness of Breath,COVID-19
Hunger,Thirst,Fatigue,Weight Loss,Frequent Urination,Blurred Vision,Infections,Diabetes
Wheezing,Shortness of Breath,Chest Pain,Anxiety,Fatigue,Sweating,Cough,Asthma
Anxiety,Weight Gain,Depression,Lack of Concentration,Weight Loss,Sleep Problems,Fatigue,Depression
Vomiting,Headache,Nausea,Dehydration,Abdominal Pain,Diarrhea,Fever,Food Poisoning
Cough,Sore Throat,Fatigue,Shortness of Breath,Fever,Loss of Smell,Chest Pain,COVID-19
Weight Loss,Sleep Problems,Depression,Anxiety,Fatigue,Weight Gain,Lack of Concentration,Depression
Loss of Smell,Fever,Sore Throat,Cough,Chest Pain,Fatigue,Shortness of Breath,COVID-19
Cough,Body Pain,Sore Throat,Headache,Fatigue,Fever,Chills,Flu
Fever,Chest Pain,Fatigue,Cough,Sore Throat,Shortness of Breath,Loss of Smell,COVID-19
Weight Loss,Thirst,Infections,Frequent Urination,Blurred Vision,Hunger,Fatigue,Diabetes
Runny Nose,Red Eyes,Itching,Swelling,Sneezing,Rash,Cough,Allergy
Nausea,Anxiety,Shortness of Breath,Sweating,Dizziness,Chest Pain,Fatigue,Heart Disease
Runny Nose,Itching,Cough,Sneezing,Red Eyes,Swelling,Rash,Allergy
Infections,Hunger,Blurred Vision,Fatigue,Thirst,Weight Loss,Frequent Urination,Diabetes
Chest Pain,Sore Throat,Fatigue,Shortness of Breath,Cough,Loss of Smell,Fever,COVID-19
Diarrhea,Vomiting,Fever,Dehydration,Headache,Nausea,Abdominal Pain,Food Poisoning
Weight Gain,Anxiety,Weight Loss,Sleep Problems,Depression,Fatigue,Lack of Concentration,Depression
Lack of Concentration,Fatigue,Weight Loss,Anxiety,Weight Gain,Sleep Problems,Depression,Depression
Weight Loss,Sleep Problems,Depression,Lack of Concentration,Anxiety,Fatigue,Weight Gain,Depression
Fatigue,Sore Throat,Cough,Shortness of Breath,Chest Pain,Fever,Loss of Smell,COVID-19
Red Eyes,Rash,Swelling,Itching,Sneezing,Runny Nose,Cough,Allergy
Lack of Concentration,Depression,Weight Loss,Weight Gain,Sleep Problems,Anxiety,Fatigue,Depression
Shortness of Breath,Chest Pain,Loss of Smell,Sore Throat,Fatigue,Cough,Fever,COVID-19
Sleep Problems,Weight Gain,Anxiety,Fatigue,Depression,Weight Loss,Lack of Concentration,Depression
Weight Loss,Thirst,Hunger,Frequent Urination,Blurred Vision,Fatigue,Infections,Diabetes
Sore Throat,Headache,Chills,Body Pain,Fatigue,Fever,Cough,Flu
Lack of Concentration,Fatigue,Weight Loss,Weight Gain,Sleep Problems,Anxiety,Depression,Depression
Swelling,Runny Nose,Red Eyes,Rash,Sneezing,Itching,Cough,Allergy
Infections,Hunger,Frequent Urination,Weight Loss,Fatigue,Blurred Vision,Thirst,Diabetes
Shortness of Breath,Sweating,Chest Pain,Fatigue,Wheezing,Cough,Anxiety,Asthma
Fatigue,Cough,Sore Throat,Shortness of Breath,Fever,Loss of Smell,Chest Pain,COVID-19
Headache,Abdominal Pain,Diarrhea,Vomiting,Nausea,Fever,Dehydration,Food Poisoning
Fatigue,Weight Gain,Anxiety,Sleep Problems,Lack of Concentration,Depression,Weight Loss,Depression
Chest Pain,Loss of Smell,Sore Throat,Fatigue,Shortness of Breath,Fever,Cough,COVID-19
Sleep Problems,Weight Loss,Depression,Anxiety,Weight Gain,Fatigue,Lack of Concentration,Depression
Anxiety,Dizziness,Fatigue,Chest Pain,Nausea,Shortness of Breath,Sweating,Heart Disease
Loss of Smell,Fatigue,Shortness of Breath,Fever,Cough,Chest Pain,Sore Throat,COVID-19
Shortness of Breath,Fatigue,Fever,Loss of Smell,Chest Pain,Cough,Sore Throat,COVID-19
Cough,Runny Nose,Itching,Rash,Sneezing,Red Eyes,Swelling,Allergy
Frequent Urination,Infections,Blurred Vision,Fatigue,Hunger,Weight Loss,Thirst,Diabetes
Weight Loss,Lack of Concentration,Anxiety,Weight Gain,Depression,Sleep Problems,Fatigue,Depression
Chills,Fatigue,Fever,Body Pain,Cough,Headache,Sore Throat,Flu
Blurred Vision,Thirst,Frequent Urination,Hunger,Fatigue,Infections,Weight Loss,Diabetes
Hunger,Thirst,Frequent Urination,Weight Loss,Infections,Blurred Vision,Fatigue,Diabetes
Chest Pain,Sore Throat,Shortness of Breath,Cough,Fatigue,Fever,Loss of Smell,COVID-19
Anxiety,Sweating,Shortness of Breath,Fatigue,Chest Pain,Dizziness,Nausea,Heart Disease
Sneezing,Runny Nose,Cough,Swelling,Rash,Itching,Red Eyes,Allergy
Headache,Diarrhea,Dehydration,Fever,Vomiting,Abdominal Pain,Nausea,Food Poisoning
Vomiting,Headache,Fever,Diarrhea,Dehydration,Abdominal Pain,Nausea,Food Poisoning
Anxiety,Cough,Fatigue,Wheezing,Chest Pain,Sweating,Shortness of Breath,Asthma
Fatigue,Fever,Body Pain,Sore Throat,Chills,Headache,Cough,Flu
Anxiety,Wheezing,Chest Pain,Fatigue,Sweating,Shortness of Breath,Cough,Asthma
Itching,Cough,Rash,Runny Nose,Sneezing,Swelling,Red Eyes,Allergy
Sneezing,Cough,Swelling,Runny Nose,Rash,Itching,Red Eyes,Allergy
Cough,Runny Nose,Sneezing,Itching,Swelling,Red Eyes,Rash,Allergy
Infections,Thirst,Fatigue,Hunger,Weight Loss,Frequent Urination,Blurred Vision,Diabetes
Weight Loss,Sleep Problems,Lack of Concentration,Weight Gain,Anxiety,Depression,Fatigue,Depression
Anxiety,Chest Pain,Wheezing,Sweating,Shortness of Breath,Fatigue,Cough,Asthma
Sore Throat,Fatigue,Chills,Headache,Fever,Body Pain,Cough,Flu
Dizziness,Fatigue,Anxiety,Chest Pain,Nausea,Sweating,Shortness of Breath,Heart Disease
Wheezing,Fatigue,Sweating,Cough,Anxiety,Shortness of Breath,Chest Pain,Asthma
Itching,Swelling,Runny Nose,Cough,Sneezing,Red Eyes,Rash,Allergy
Weight Loss,Depression,Anxiety,Fatigue,Weight Gain,Sleep Problems,Lack of Concentration,Depression
Blurred Vision,Frequent Urination,Infections,Hunger,Fatigue,Weight Loss,Thirst,Diabetes
Anxiety,Shortness of Breath,Fatigue,Chest Pain,Dizziness,Nausea,Sweating,Heart Disease
Cough,Sore Throat,Chest Pain,Shortness of Breath,Loss of Smell,Fever,Fatigue,COVID-19
Cough,Chest Pain,Sweating,Fatigue,Wheezing,Shortness of Breath,Anxiety,Asthma
Fatigue,Shortness of Breath,Nausea,Anxiety,Dizziness,Sweating,Chest Pain,Heart Disease
Swelling,Runny Nose,Cough,Sneezing,Rash,Red Eyes,Itching,Allergy
Cough,Sweating,Wheezing,Shortness of Breath,Anxiety,Fatigue,Chest Pain,Asthma
Fever,Loss of Smell,Fatigue,Chest Pain,Shortness of Breath,Sore Throat,Cough,COVID-19
Nausea,Anxiety,Sweating,Chest Pain,Shortness of Breath,Dizziness,Fatigue,Heart Disease
Runny Nose,Red Eyes,Rash,Sneezing,Swelling,Cough,Itching,Allergy
Sore Throat,Body Pain,Fatigue,Cough,Fever,Headache,Chills,Flu
Diarrhea,Fever,Abdominal Pain,Headache,Nausea,Dehydration,Vomiting,Food Poisoning
Nausea,Dizziness,Shortness of Breath,Sweating,Fatigue,Chest Pain,Anxiety,Heart Disease
Sweating,Cough,Fatigue,Wheezing,Anxiety,Shortness of Breath,Chest Pain,Asthma
Rash,Swelling,Itching,Sneezing,Cough,Runny Nose,Red Eyes,Allergy
Lack of Concentration,Weight Gain,Weight Loss,Anxiety,Sleep Problems,Fatigue,Depression,Depression
Fatigue,Weight Loss,Lack of Concentration,Sleep Problems,Depression,Anxiety,Weight Gain,Depression
Wheezing,Fatigue,Chest Pain,Sweating,Shortness of Breath,Cough,Anxiety,Asthma
Sleep Problems,Lack of Concentration,Anxiety,Weight Loss,Fatigue,Weight Gain,Depression,Depression
Fever,Chills,Sore Throat,Body Pain,Fatigue,Headache,Cough,Flu
Rash,Cough,Itching,Sneezing,Swelling,Runny Nose,Red Eyes,Allergy
Itching,Sneezing,Runny Nose,Red Eyes,Rash,Cough,Swelling,Allergy
Chest Pain,Fatigue,Dizziness,Anxiety,Shortness of Breath,Sweating,Nausea,Heart Disease
Anxiety,Weight Gain,Fatigue,Weight Loss,Sleep Problems,Depression,Lack of Concentration,Depression
Frequent Urination,Blurred Vision,Weight Loss,Thirst,Fatigue,Hunger,Infections,Diabetes
Headache,Chills,Sore Throat,Fever,Body Pain,Cough,Fatigue,Flu
Cough,Runny Nose,Itching,Rash,Swelling,Red Eyes,Sneezing,Allergy
Body Pain,Fever,Sore Throat,Cough,Chills,Fatigue,Headache,Flu
Runny Nose,Sneezing,Swelling,Rash,Itching,Red Eyes,Cough,Allergy
Infections,Weight Loss,Fatigue,Blurred Vision,Frequent Urination,Thirst,Hunger,Diabetes
Shortness of Breath,Fatigue,Loss of Smell,Chest Pain,Sore Throat,Cough,Fever,COVID-19
Fatigue,Shortness of Breath,Nausea,Dizziness,Chest Pain,Anxiety,Sweating,Heart Disease
Weight Loss,Thirst,Frequent Urination,Blurred Vision,Infections,Fatigue,Hunger,Diabetes
Chest Pain,Sweating,Shortness of Breath,Anxiety,Fatigue,Nausea,Dizziness,Heart Disease
Weight Gain,Depression,Fatigue,Sleep Problems,Weight Loss,Anxiety,Lack of Concentration,Depression
Fever,Cough,Chest Pain,Loss of Smell,Fatigue,Sore Throat,Shortness of Breath,COVID-19
Cough,Chills,Fatigue,Fever,Sore Throat,Body Pain,Headache,Flu
Nausea,Chest Pain,Fatigue,Anxiety,Sweating,Shortness of Breath,Dizziness,Heart Disease
Fever,Cough,Sore Throat,Fatigue,Shortness of Breath,Loss of Smell,Chest Pain,COVID-19
Dizziness,Chest Pain,Fatigue,Shortness of Breath,Sweating,Nausea,Anxiety,Heart Disease
Weight Loss,Frequent Urination,Infections,Thirst,Blurred Vision,Hunger,Fatigue,Diabetes
Fatigue,Anxiety,Cough,Wheezing,Shortness of Breath,Sweating,Chest Pain,Asthma
Runny Nose,Cough,Itching,Sneezing,Rash,Red Eyes,Swelling,Allergy
Body Pain,Cough,Fatigue,Fever,Headache,Sore Throat,Chills,Flu
Weight Loss,Frequent Urination,Thirst,Fatigue,Infections,Blurred Vision,Hunger,Diabetes
Nausea,Shortness of Breath,Sweating,Anxiety,Fatigue,Dizziness,Chest Pain,Heart Disease
Weight Gain,Depression,Fatigue,Sleep Problems,Anxiety,Weight Loss,Lack of Concentration,Depression
Rash,Swelling,Sneezing,Runny Nose,Red Eyes,Cough,Itching,Allergy
Headache,Chills,Cough,Body Pain,Fever,Sore Throat,Fatigue,Flu
Vomiting,Fever,Abdominal Pain,Nausea,Diarrhea,Headache,Dehydration,Food Poisoning
Sweating,Chest Pain,Nausea,Anxiety,Dizziness,Shortness of Breath,Fatigue,Heart Disease
Cough,Shortness of Breath,Sore Throat,Fever,Loss of Smell,Chest Pain,Fatigue,COVID-19
Sweating,Dizziness,Shortness of Breath,Anxiety,Fatigue,Chest Pain,Nausea,Heart Disease
Chest Pain,Fever,Fatigue,Sore Throat,Shortness of Breath,Loss of Smell,Cough,COVID-19
Loss of Smell,Cough,Fever,Sore Throat,Shortness of Breath,Fatigue,Chest Pain,COVID-19
Weight Gain,Depression,Sleep Problems,Weight Loss,Fatigue,Anxiety,Lack of Concentration,Depression
Fever,Chest Pain,Loss of Smell,Fatigue,Cough,Sore Throat,Shortness of Breath,COVID-19
Anxiety,Cough,Fatigue,Chest Pain,Wheezing,Sweating,Shortness of Breath,Asthma
Cough,Sore Throat,Headache,Fever,Fatigue,Body Pain,Chills,Flu
Fatigue,Hunger,Blurred Vision,Frequent Urination,Infections,Thirst,Weight Loss,Diabetes
Chest Pain,Shortness of Breath,Dizziness,Nausea,Fatigue,Sweating,Anxiety,Heart Disease
Weight Loss,Frequent Urination,Hunger,Infections,Blurred Vision,Fatigue,Thirst,Diabetes
Chest Pain,Cough,Shortness of Breath,Sweating,Wheezing,Fatigue,Anxiety,Asthma
Cough,Sneezing,Rash,Runny Nose,Swelling,Itching,Red Eyes,Allergy
Swelling,Runny Nose,Cough,Red Eyes,Sneezing,Rash,Itching,Allergy
Thirst,Blurred Vision,Weight Loss,Hunger,Fatigue,Frequent Urination,Infections,Diabetes
Sweating,Nausea,Fatigue,Dizziness,Shortness of Breath,Chest Pain,Anxiety,Heart Disease
Fatigue,Thirst,Frequent Urination,Weight Loss,Hunger,Blurred Vision,Infections,Diabetes
Body Pain,Fatigue,Sore Throat,Chills,Fever,Headache,Cough,Flu
Nausea,Headache,Dehydration,Abdominal Pain,Fever,Vomiting,Diarrhea,Food Poisoning
Lack of Concentration,Sleep Problems,Fatigue,Weight Gain,Weight Loss,Depression,Anxiety,Depression
Headache,Dehydration,Abdominal Pain,Diarrhea,Vomiting,Nausea,Fever,Food Poisoning
Nausea,Fatigue,Chest Pain,Sweating,Dizziness,Anxiety,Shortness of Breath,Heart Disease
Fatigue,Nausea,Chest Pain,Dizziness,Anxiety,Sweating,Shortness of Breath,Heart Disease
Anxiety,Fatigue,Dizziness,Sweating,Chest Pain,Shortness of Breath,Nausea,Heart Disease
Fatigue,Headache,Fever,Body Pain,Sore Throat,Cough,Chills,Flu
Chest Pain,Shortness of Breath,Fatigue,Sweating,Wheezing,Anxiety,Cough,Asthma
Weight Loss,Frequent Urination,Blurred Vision,Thirst,Hunger,Infections,Fatigue,Diabetes
Itching,Sneezing,Red Eyes,Cough,Rash,Swelling,Runny Nose,Allergy
Lack of Concentration,Weight Gain,Weight Loss,Fatigue,Depression,Anxiety,Sleep Problems,Depression
Fever,Fatigue,Body Pain,Cough,Sore Throat,Headache,Chills,Flu
Shortness of Breath,Wheezing,Fatigue,Cough,Sweating,Chest Pain,Anxiety,Asthma
Dehydration,Headache,Fever,Nausea,Vomiting,Diarrhea,Abdominal Pain,Food Poisoning
Rash,Cough,Sneezing,Red Eyes,Swelling,Runny Nose,Itching,Allergy
Fatigue,Frequent Urination,Hunger,Infections,Thirst,Blurred Vision,Weight Loss,Diabetes
Anxiety,Fatigue,Depression,Weight Loss,Sleep Problems,Weight Gain,Lack of Concentration,Depression
Sore Throat,Chills,Headache,Cough,Fatigue,Fever,Body Pain,Flu
Wheezing,Fatigue,Cough,Anxiety,Chest Pain,Shortness of Breath,Sweating,Asthma
Thirst,Weight Loss,Infections,Blurred Vision,Fatigue,Hunger,Frequent Urination,Diabetes
Headache,Diarrhea,Vomiting,Dehydration,Fever,Abdominal Pain,Nausea,Food Poisoning
Sweating,Shortness of Breath,Fatigue,Chest Pain,Wheezing,Anxiety,Cough,Asthma
Chest Pain,Sweating,Cough,Shortness of Breath,Wheezing,Fatigue,Anxiety,Asthma
Nausea,Shortness of Breath,Chest Pain,Fatigue,Dizziness,Sweating,Anxiety,Heart Disease
Fatigue,Dizziness,Chest Pain,Shortness of Breath,Anxiety,Nausea,Sweating,Heart Disease
Wheezing,Shortness of Breath,Cough,Anxiety,Sweating,Chest Pain,Fatigue,Asthma
Vomiting,Fever,Abdominal Pain,Nausea,Headache,Dehydration,Diarrhea,Food Poisoning
Blurred Vision,Infections,Hunger,Frequent Urination,Fatigue,Weight Loss,Thirst,Diabetes
Cough,Fever,Sore Throat,Loss of Smell,Fatigue,Chest Pain,Shortness of Breath,COVID-19
Red Eyes,Itching,Runny Nose,Cough,Rash,Swelling,Sneezing,Allergy
Infections,Hunger,Fatigue,Frequent Urination,Weight Loss,Blurred Vision,Thirst,Diabetes
Vomiting,Dehydration,Headache,Diarrhea,Fever,Abdominal Pain,Nausea,Food Poisoning
Shortness of Breath,Fatigue,Sore Throat,Loss of Smell,Cough,Fever,Chest Pain,COVID-19
Fever,Headache,Sore Throat,Body Pain,Cough,Fatigue,Chills,Flu
Anxiety,Lack of Concentration,Weight Loss,Weight Gain,Depression,Fatigue,Sleep Problems,Depression
Anxiety,Weight Gain,Sleep Problems,Depression,Weight Loss,Fatigue,Lack of Concentration,Depression
Anxiety,Nausea,Shortness of Breath,Dizziness,Fatigue,Sweating,Chest Pain,Heart Disease
Chills,Sore Throat,Headache,Fatigue,Body Pain,Cough,Fever,Flu
Cough,Sneezing,Runny Nose,Swelling,Red Eyes,Itching,Rash,Allergy
Dizziness,Anxiety,Fatigue,Sweating,Nausea,Chest Pain,Shortness of Breath,Heart Disease
Cough,Sore Throat,Loss of Smell,Chest Pain,Fatigue,Shortness of Breath,Fever,COVID-19
Cough,Sneezing,Runny Nose,Itching,Red Eyes,Rash,Swelling,Allergy
Loss of Smell,Shortness of Breath,Cough,Chest Pain,Sore Throat,Fatigue,Fever,COVID-19
Diarrhea,Vomiting,Abdominal Pain,Dehydration,Nausea,Fever,Headache,Food Poisoning
Thirst,Hunger,Infections,Blurred Vision,Weight Loss,Frequent Urination,Fatigue,Diabetes
Nausea,Dizziness,Sweating,Fatigue,Anxiety,Chest Pain,Shortness of Breath,Heart Disease
Chills,Body Pain,Fever,Headache,Sore Throat,Fatigue,Cough,Flu
Weight Loss,Frequent Urination,Infections,Fatigue,Thirst,Blurred Vision,Hunger,Diabetes
Shortness of Breath,Dizziness,Nausea,Anxiety,Sweating,Chest Pain,Fatigue,Heart Disease
Sneezing,Runny Nose,Itching,Swelling,Red Eyes,Rash,Cough,Allergy
Sweating,Dizziness,Chest Pain,Nausea,Fatigue,Anxiety,Shortness of Breath,Heart Disease
Thirst,Hunger,Frequent Urination,Fatigue,Weight Loss,Infections,Blurred Vision,Diabetes
Sweating,Fatigue,Nausea,Shortness of Breath,Dizziness,Chest Pain,Anxiety,Heart Disease
Fatigue,Lack of Concentration,Sleep Problems,Anxiety,Weight Gain,Weight Loss,Depression,Depression
Shortness of Breath,Anxiety,Fatigue,Chest Pain,Dizziness,Nausea,Sweating,Heart Disease
Red Eyes,Itching,Rash,Cough,Runny Nose,Swelling,Sneezing,Allergy
Blurred Vision,Thirst,Weight Loss,Hunger,Infections,Fatigue,Frequent Urination,Diabetes
Cough,Red Eyes,Rash,Itching,Swelling,Sneezing,Runny Nose,Allergy
Itching,Red Eyes,Swelling,Sneezing,Cough,Rash,Runny Nose,Allergy
Shortness of Breath,Sweating,Anxiety,Fatigue,Chest Pain,Nausea,Dizziness,Heart Disease
Blurred Vision,Infections,Hunger,Fatigue,Frequent Urination,Thirst,Weight Loss,Diabetes
Fever,Headache,Nausea,Vomiting,Abdominal Pain,Diarrhea,Dehydration,Food Poisoning
Anxiety,Lack of Concentration,Weight Loss,Weight Gain,Fatigue,Sleep Problems,Depression,Depression
Swelling,Itching,Rash,Red Eyes,Sneezing,Cough,Runny Nose,Allergy
Anxiety,Shortness of Breath,Fatigue,Dizziness,Chest Pain,Nausea,Sweating,Heart Disease
Swelling,Red Eyes,Cough,Rash,Runny Nose,Sneezing,Itching,Allergy
Wheezing,Cough,Fatigue,Chest Pain,Shortness of Breath,Anxiety,Sweating,Asthma
Sweating,Fatigue,Shortness of Breath,Chest Pain,Nausea,Dizziness,Anxiety,Heart Disease
Cough,Chest Pain,Fever,Sore Throat,Fatigue,Shortness of Breath,Loss of Smell,COVID-19
Chest Pain,Sore Throat,Cough,Fever,Shortness of Breath,Loss of Smell,Fatigue,COVID-19
Shortness of Breath,Anxiety,Chest Pain,Nausea,Dizziness,Fatigue,Sweating,Heart Disease
Swelling,Red Eyes,Cough,Sneezing,Runny Nose,Rash,Itching,Allergy
Sneezing,Rash,Red Eyes,Cough,Swelling,Itching,Runny Nose,Allergy
Sweating,Anxiety,Fatigue,Wheezing,Cough,Shortness of Breath,Chest Pain,Asthma
Headache,Nausea,Abdominal Pain,Dehydration,Diarrhea,Fever,Vomiting,Food Poisoning
Body Pain,Fatigue,Cough,Fever,Sore Throat,Chills,Headache,Flu
Diarrhea,Nausea,Headache,Vomiting,Fever,Abdominal Pain,Dehydration,Food Poisoning
Cough,Itching,Swelling,Rash,Runny Nose,Red Eyes,Sneezing,Allergy
Weight Loss,Anxiety,Fatigue,Lack of Concentration,Weight Gain,Sleep Problems,Depression,Depression
Vomiting,Dehydration,Fever,Abdominal Pain,Nausea,Diarrhea,Headache,Food Poisoning
Sore Throat,Cough,Chills,Headache,Body Pain,Fever,Fatigue,Flu
Wheezing,Shortness of Breath,Anxiety,Chest Pain,Fatigue,Cough,Sweating,Asthma
Anxiety,Cough,Sweating,Wheezing,Chest Pain,Shortness of Breath,Fatigue,Asthma
Cough,Chills,Fatigue,Body Pain,Fever,Headache,Sore Throat,Flu
Loss of Smell,Shortness of Breath,Chest Pain,Fever,Cough,Sore Throat,Fatigue,COVID-19
Wheezing,Cough,Chest Pain,Sweating,Fatigue,Anxiety,Shortness of Breath,Asthma
Loss of Smell,Fever,Sore Throat,Fatigue,Shortness of Breath,Chest Pain,Cough,COVID-19
Red Eyes,Cough,Sneezing,Itching,Runny Nose,Rash,Swelling,Allergy
Fatigue,Body Pain,Sore Throat,Cough,Fever,Headache,Chills,Flu
Hunger,Weight Loss,Frequent Urination,Infections,Fatigue,Thirst,Blurred Vision,Diabetes
Diarrhea,Dehydration,Headache,Nausea,Abdominal Pain,Vomiting,Fever,Food Poisoning
Runny Nose,Cough,Sneezing,Itching,Swelling,Red Eyes,Rash,Allergy
Chest Pain,Wheezing,Fatigue,Cough,Shortness of Breath,Anxiety,Sweating,Asthma
Anxiety,Dizziness,Nausea,Shortness of Breath,Fatigue,Sweating,Chest Pain,Heart Disease
Fatigue,Weight Gain,Weight Loss,Lack of Concentration,Anxiety,Depression,Sleep Problems,Depression
Dehydration,Diarrhea,Fever,Vomiting,Nausea,Abdominal Pain,Headache,Food Poisoning
Sweating,Shortness of Breath,Wheezing,Anxiety,Chest Pain,Fatigue,Cough,Asthma
Fatigue,Loss of Smell,Fever,Shortness of Breath,Chest Pain,Sore Throat,Cough,COVID-19
Weight Loss,Lack of Concentration,Anxiety,Weight Gain,Fatigue,Sleep Problems,Depression,Depression
Shortness of Breath,Fatigue,Sweating,Dizziness,Anxiety,Chest Pain,Nausea,Heart Disease
Cough,Rash,Sneezing,Itching,Swelling,Runny Nose,Red Eyes,Allergy
Fatigue,Chest Pain,Sweating,Cough,Wheezing,Anxiety,Shortness of Breath,Asthma
Blurred Vision,Fatigue,Thirst,Weight Loss,Hunger,Infections,Frequent Urination,Diabetes
Abdominal Pain,Fever,Vomiting,Dehydration,Nausea,Headache,Diarrhea,Food Poisoning
Vomiting,Diarrhea,Dehydration,Fever,Abdominal Pain,Headache,Nausea,Food Poisoning
Blurred Vision,Frequent Urination,Hunger,Thirst,Infections,Fatigue,Weight Loss,Diabetes
Weight Loss,Infections,Hunger,Frequent Urination,Fatigue,Blurred Vision,Thirst,Diabetes
Wheezing,Fatigue,Chest Pain,Anxiety,Cough,Shortness of Breath,Sweating,Asthma
Shortness of Breath,Fever,Chest Pain,Sore Throat,Cough,Loss of Smell,Fatigue,COVID-19
Shortness of Breath,Fever,Cough,Chest Pain,Loss of Smell,Sore Throat,Fatigue,COVID-19
Anxiety,Dizziness,Chest Pain,Fatigue,Sweating,Nausea,Shortness of Breath,Heart Disease
Shortness of Breath,Sweating,Cough,Wheezing,Fatigue,Anxiety,Chest Pain,Asthma
Fatigue,Shortness of Breath,Anxiety,Cough,Wheezing,Sweating,Chest Pain,Asthma
Sore Throat,Cough,Shortness of Breath,Loss of Smell,Fever,Fatigue,Chest Pain,COVID-19
Dehydration,Abdominal Pain,Diarrhea,Headache,Nausea,Vomiting,Fever,Food Poisoning
Chest Pain,Sore Throat,Cough,Shortness of Breath,Loss of Smell,Fatigue,Fever,COVID-19
Loss of Smell,Cough,Fatigue,Chest Pain,Sore Throat,Shortness of Breath,Fever,COVID-19
Chest Pain,Fatigue,Sweating,Shortness of Breath,Anxiety,Cough,Wheezing,Asthma
Sweating,Fatigue,Anxiety,Chest Pain,Shortness of Breath,Wheezing,Cough,Asthma
Weight Loss,Sleep Problems,Anxiety,Depression,Weight Gain,Lack of Concentration,Fatigue,Depression
Fever,Chest Pain,Fatigue,Cough,Loss of Smell,Shortness of Breath,Sore Throat,COVID-19
Sweating,Cough,Shortness of Breath,Fatigue,Anxiety,Chest Pain,Wheezing,Asthma
Fever,Body Pain,Chills,Headache,Cough,Fatigue,Sore Throat,Flu
Shortness of Breath,Anxiety,Fatigue,Sweating,Cough,Wheezing,Chest Pain,Asthma
Red Eyes,Itching,Sneezing,Cough,Rash,Swelling,Runny Nose,Allergy
Lack of Concentration,Weight Gain,Sleep Problems,Depression,Fatigue,Weight Loss,Anxiety,Depression
Fever,Fatigue,Cough,Headache,Body Pain,Chills,Sore Throat,Flu
Cough,Red Eyes,Rash,Sneezing,Itching,Swelling,Runny Nose,Allergy
Weight Loss,Fatigue,Infections,Blurred Vision,Thirst,Hunger,Frequent Urination,Diabetes
Red Eyes,Runny Nose,Swelling,Itching,Cough,Rash,Sneezing,Allergy
Thirst,Hunger,Frequent Urination,Blurred Vision,Fatigue,Weight Loss,Infections,Diabetes
Sore Throat,Fever,Shortness of Breath,Fatigue,Chest Pain,Loss of Smell,Cough,COVID-19
Chest Pain,Anxiety,Fatigue,Cough,Sweating,Wheezing,Shortness of Breath,Asthma
Fatigue,Shortness of Breath,Anxiety,Chest Pain,Dizziness,Sweating,Nausea,Heart Disease
Swelling,Red Eyes,Cough,Sneezing,Runny Nose,Rash,Itching,Allergy
Dizziness,Fatigue,Chest Pain,Sweating,Shortness of Breath,Nausea,Anxiety,Heart Disease
Headache,Cough,Sore Throat,Fever,Chills,Fatigue,Body Pain,Flu
Anxiety,Dizziness,Fatigue,Chest Pain,Shortness of Breath,Sweating,Nausea,Heart Disease
Fever,Vomiting,Diarrhea,Abdominal Pain,Nausea,Headache,Dehydration,Food Poisoning
Weight Loss,Lack of Concentration,Depression,Sleep Problems,Weight Gain,Fatigue,Anxiety,Depression
Diarrhea,Fever,Dehydration,Headache,Abdominal Pain,Vomiting,Nausea,Food Poisoning
Fever,Sore Throat,Chest Pain,Cough,Fatigue,Shortness of Breath,Loss of Smell,COVID-19
Cough,Chest Pain,Shortness of Breath,Fatigue,Wheezing,Anxiety,Sweating,Asthma
Sneezing,Swelling,Cough,Red Eyes,Runny Nose,Itching,Rash,Allergy
Loss of Smell,Shortness of Breath,Cough,Sore Throat,Chest Pain,Fever,Fatigue,COVID-19
Fatigue,Fever,Body Pain,Cough,Chills,Headache,Sore Throat,Flu
Red Eyes,Sneezing,Rash,Runny Nose,Swelling,Cough,Itching,Allergy
Fatigue,Frequent Urination,Thirst,Blurred Vision,Weight Loss,Infections,Hunger,Diabetes
Fatigue,Wheezing,Chest Pain,Cough,Sweating,Shortness of Breath,Anxiety,Asthma
Red Eyes,Rash,Sneezing,Runny Nose,Itching,Cough,Swelling,Allergy
Itching,Swelling,Runny Nose,Rash,Sneezing,Red Eyes,Cough,Allergy
Loss of Smell,Shortness of Breath,Cough,Sore Throat,Chest Pain,Fever,Fatigue,COVID-19
Fever,Fatigue,Headache,Cough,Body Pain,Sore Throat,Chills,Flu
Frequent Urination,Weight Loss,Hunger,Infections,Thirst,Blurred Vision,Fatigue,Diabetes
Blurred Vision,Thirst,Infections,Frequent Urination,Weight Loss,Hunger,Fatigue,Diabetes
Loss of Smell,Fatigue,Sore Throat,Fever,Cough,Shortness of Breath,Chest Pain,COVID-19
Anxiety,Wheezing,Cough,Chest Pain,Shortness of Breath,Sweating,Fatigue,Asthma
Headache,Diarrhea,Fever,Nausea,Abdominal Pain,Dehydration,Vomiting,Food Poisoning
Blurred Vision,Hunger,Frequent Urination,Thirst,Weight Loss,Fatigue,Infections,Diabetes
Fever,Loss of Smell,Fatigue,Sore Throat,Chest Pain,Cough,Shortness of Breath,COVID-19
Wheezing,Fatigue,Cough,Anxiety,Sweating,Shortness of Breath,Chest Pain,Asthma
Sore Throat,Fever,Headache,Chills,Fatigue,Cough,Body Pain,Flu
Loss of Smell,Shortness of Breath,Fever,Chest Pain,Fatigue,Cough,Sore Throat,COVID-19
Rash,Cough,Red Eyes,Runny Nose,Itching,Sneezing,Swelling,Allergy
Cough,Fatigue,Chest Pain,Anxiety,Sweating,Shortness of Breath,Wheezing,Asthma
Weight Gain,Lack of Concentration,Anxiety,Depression,Fatigue,Weight Loss,Sleep Problems,Depression
Thirst,Frequent Urination,Fatigue,Infections,Hunger,Blurred Vision,Weight Loss,Diabetes
Vomiting,Dehydration,Nausea,Diarrhea,Fever,Headache,Abdominal Pain,Food Poisoning
Loss of Smell,Shortness of Breath,Fatigue,Cough,Sore Throat,Chest Pain,Fever,COVID-19
Rash,Itching,Cough,Runny Nose,Swelling,Red Eyes,Sneezing,Allergy
Loss of Smell,Cough,Sore Throat,Fatigue,Fever,Shortness of Breath,Chest Pain,COVID-19
Sweating,Anxiety,Shortness of Breath,Nausea,Dizziness,Chest Pain,Fatigue,Heart Disease
Depression,Sleep Problems,Anxiety,Weight Loss,Lack of Concentration,Weight Gain,Fatigue,Depression
Sneezing,Rash,Runny Nose,Itching,Swelling,Cough,Red Eyes,Allergy
Fever,Cough,Loss of Smell,Chest Pain,Shortness of Breath,Sore Throat,Fatigue,COVID-19
Chest Pain,Sore Throat,Loss of Smell,Fever,Fatigue,Cough,Shortness of Breath,COVID-19
Cough,Sore Throat,Fatigue,Loss of Smell,Fever,Shortness of Breath,Chest Pain,COVID-19
Shortness of Breath,Sweating,Anxiety,Dizziness,Nausea,Chest Pain,Fatigue,Heart Disease
Cough,Fatigue,Body Pain,Chills,Fever,Headache,Sore Throat,Flu
Fatigue,Weight Loss,Weight Gain,Depression,Sleep Problems,Lack of Concentration,Anxiety,Depression
Blurred Vision,Weight Loss,Infections,Fatigue,Frequent Urination,Thirst,Hunger,Diabetes
Chest Pain,Loss of Smell,Fever,Fatigue,Cough,Sore Throat,Shortness of Breath,COVID-19
Blurred Vision,Thirst,Hunger,Infections,Weight Loss,Frequent Urination,Fatigue,Diabetes
Headache,Cough,Fever,Body Pain,Fatigue,Sore Throat,Chills,Flu
Fever,Nausea,Vomiting,Headache,Diarrhea,Abdominal Pain,Dehydration,Food Poisoning
Rash,Runny Nose,Red Eyes,Swelling,Cough,Sneezing,Itching,Allergy
Fever,Vomiting,Abdominal Pain,Dehydration,Nausea,Headache,Diarrhea,Food Poisoning
Fever,Chills,Body Pain,Cough,Sore Throat,Headache,Fatigue,Flu
Chest Pain,Loss of Smell,Shortness of Breath,Sore Throat,Cough,Fatigue,Fever,COVID-19
Weight Loss,Lack of Concentration,Sleep Problems,Weight Gain,Depression,Fatigue,Anxiety,Depression
Weight Loss,Frequent Urination,Hunger,Blurred Vision,Thirst,Fatigue,Infections,Diabetes
Fatigue,Headache,Body Pain,Fever,Sore Throat,Cough,Chills,Flu
Sneezing,Red Eyes,Rash,Cough,Swelling,Runny Nose,Itching,Allergy
Chills,Sore Throat,Headache,Cough,Fatigue,Body Pain,Fever,Flu
Wheezing,Chest Pain,Fatigue,Shortness of Breath,Cough,Sweating,Anxiety,Asthma
Depression,Weight Loss,Sleep Problems,Lack of Concentration,Weight Gain,Anxiety,Fatigue,Depression
Sweating,Shortness of Breath,Wheezing,Anxiety,Fatigue,Chest Pain,Cough,Asthma
Loss of Smell,Sore Throat,Chest Pain,Fever,Cough,Shortness of Breath,Fatigue,COVID-19
Blurred Vision,Thirst,Frequent Urination,Hunger,Weight Loss,Infections,Fatigue,Diabetes
Sore Throat,Chest Pain,Shortness of Breath,Loss of Smell,Fatigue,Cough,Fever,COVID-19
Cough,Fatigue,Loss of Smell,Shortness of Breath,Chest Pain,Fever,Sore Throat,COVID-19
Cough,Sneezing,Rash,Swelling,Runny Nose,Itching,Red Eyes,Allergy
Weight Loss,Anxiety,Weight Gain,Sleep Problems,Depression,Lack of Concentration,Fatigue,Depression
Cough,Rash,Red Eyes,Swelling,Itching,Sneezing,Runny Nose,Allergy
Shortness of Breath,Cough,Wheezing,Chest Pain,Fatigue,Sweating,Anxiety,Asthma
Sore Throat,Fever,Headache,Cough,Chills,Fatigue,Body Pain,Flu
Dehydration,Nausea,Abdominal Pain,Vomiting,Fever,Headache,Diarrhea,Food Poisoning
Shortness of Breath,Anxiety,Fatigue,Sweating,Chest Pain,Wheezing,Cough,Asthma
Anxiety,Weight Gain,Lack of Concentration,Depression,Weight Loss,Fatigue,Sleep Problems,Depression
Chest Pain,Sweating,Cough,Anxiety,Wheezing,Fatigue,Shortness of Breath,Asthma
Headache,Dehydration,Diarrhea,Fever,Abdominal Pain,Nausea,Vomiting,Food Poisoning
Chest Pain,Wheezing,Cough,Sweating,Shortness of Breath,Fatigue,Anxiety,Asthma
Anxiety,Shortness of Breath,Sweating,Cough,Fatigue,Wheezing,Chest Pain,Asthma
Frequent Urination,Fatigue,Hunger,Infections,Blurred Vision,Thirst,Weight Loss,Diabetes
Fatigue,Sore Throat,Shortness of Breath,Cough,Loss of Smell,Fever,Chest Pain,COVID-19
Headache,Vomiting,Fever,Dehydration,Abdominal Pain,Nausea,Diarrhea,Food Poisoning
Sweating,Chest Pain,Shortness of Breath,Nausea,Dizziness,Fatigue,Anxiety,Heart Disease
Fatigue,Hunger,Blurred Vision,Thirst,Infections,Frequent Urination,Weight Loss,Diabetes
Shortness of Breath,Sweating,Anxiety,Cough,Wheezing,Chest Pain,Fatigue,Asthma
Fever,Chest Pain,Fatigue,Sore Throat,Cough,Loss of Smell,Shortness of Breath,COVID-19
Sweating,Fatigue,Cough,Wheezing,Anxiety,Shortness of Breath,Chest Pain,Asthma
Abdominal Pain,Nausea,Fever,Dehydration,Diarrhea,Vomiting,Headache,Food Poisoning
Lack of Concentration,Depression,Weight Loss,Fatigue,Anxiety,Weight Gain,Sleep Problems,Depression
Diarrhea,Fever,Abdominal Pain,Nausea,Vomiting,Dehydration,Headache,Food Poisoning
Fever,Cough,Fatigue,Sore Throat,Shortness of Breath,Chest Pain,Loss of Smell,COVID-19
Headache,Diarrhea,Abdominal Pain,Vomiting,Fever,Dehydration,Nausea,Food Poisoning
Dehydration,Abdominal Pain,Fever,Headache,Nausea,Diarrhea,Vomiting,Food Poisoning
Sweating,Shortness of Breath,Chest Pain,Dizziness,Anxiety,Nausea,Fatigue,Heart Disease
Anxiety,Fatigue,Sweating,Dizziness,Shortness of Breath,Chest Pain,Nausea,Heart Disease
Fever,Chest Pain,Loss of Smell,Shortness of Breath,Cough,Fatigue,Sore Throat,COVID-19
Fever,Diarrhea,Headache,Abdominal Pain,Vomiting,Nausea,Dehydration,Food Poisoning
Fatigue,Shortness of Breath,Chest Pain,Anxiety,Wheezing,Cough,Sweating,Asthma
Nausea,Fever,Vomiting,Diarrhea,Dehydration,Headache,Abdominal Pain,Food Poisoning
Fatigue,Weight Gain,Lack of Concentration,Sleep Problems,Anxiety,Depression,Weight Loss,Depression
Anxiety,Nausea,Chest Pain,Fatigue,Shortness of Breath,Sweating,Dizziness,Heart Disease
Chest Pain,Shortness of Breath,Dizziness,Fatigue,Nausea,Anxiety,Sweating,Heart Disease
Lack of Concentration,Sleep Problems,Depression,Anxiety,Fatigue,Weight Loss,Weight Gain,Depression
Fever,Chest Pain,Shortness of Breath,Loss of Smell,Sore Throat,Cough,Fatigue,COVID-19
Headache,Nausea,Fever,Abdominal Pain,Vomiting,Diarrhea,Dehydration,Food Poisoning
Fatigue,Sweating,Anxiety,Chest Pain,Cough,Shortness of Breath,Wheezing,Asthma
Headache,Vomiting,Diarrhea,Fever,Abdominal Pain,Dehydration,Nausea,Food Poisoning
Cough,Sore Throat,Chills,Fever,Headache,Body Pain,Fatigue,Flu
Vomiting,Fever,Abdominal Pain,Diarrhea,Nausea,Dehydration,Headache,Food Poisoning
Abdominal Pain,Vomiting,Diarrhea,Nausea,Fever,Headache,Dehydration,Food Poisoning
Fever,Headache,Abdominal Pain,Vomiting,Diarrhea,Dehydration,Nausea,Food Poisoning
Itching,Runny Nose,Red Eyes,Rash,Sneezing,Cough,Swelling,Allergy
Infections,Frequent Urination,Thirst,Blurred Vision,Weight Loss,Hunger,Fatigue,Diabetes
Dehydration,Headache,Nausea,Vomiting,Abdominal Pain,Fever,Diarrhea,Food Poisoning
Fatigue,Shortness of Breath,Sweating,Dizziness,Anxiety,Chest Pain,Nausea,Heart Disease
Vomiting,Nausea,Dehydration,Fever,Abdominal Pain,Diarrhea,Headache,Food Poisoning
Weight Loss,Hunger,Infections,Blurred Vision,Thirst,Frequent Urination,Fatigue,Diabetes
Cough,Rash,Swelling,Red Eyes,Runny Nose,Sneezing,Itching,Allergy
Cough,Sneezing,Swelling,Runny Nose,Rash,Itching,Red Eyes,Allergy
Weight Gain,Weight Loss,Lack of Concentration,Sleep Problems,Anxiety,Fatigue,Depression,Depression
Chest Pain,Loss of Smell,Sore Throat,Fever,Cough,Shortness of Breath,Fatigue,COVID-19
Sore Throat,Fever,Shortness of Breath,Cough,Chest Pain,Fatigue,Loss of Smell,COVID-19
Blurred Vision,Frequent Urination,Weight Loss,Hunger,Infections,Thirst,Fatigue,Diabetes
Runny Nose,Swelling,Sneezing,Cough,Red Eyes,Itching,Rash,Allergy
Diarrhea,Vomiting,Dehydration,Headache,Abdominal Pain,Fever,Nausea,Food Poisoning
Nausea,Sweating,Fatigue,Shortness of Breath,Dizziness,Anxiety,Chest Pain,Heart Disease
Chest Pain,Sweating,Anxiety,Nausea,Dizziness,Fatigue,Shortness of Breath,Heart Disease
Shortness of Breath,Sweating,Chest Pain,Fatigue,Anxiety,Nausea,Dizziness,Heart Disease
Hunger,Weight Loss,Infections,Fatigue,Thirst,Blurred Vision,Frequent Urination,Diabetes
Weight Gain,Fatigue,Sleep Problems,Anxiety,Depression,Weight Loss,Lack of Concentration,Depression
Chills,Body Pain,Cough,Sore Throat,Fatigue,Headache,Fever,Flu
Swelling,Rash,Sneezing,Cough,Itching,Red Eyes,Runny Nose,Allergy
Fever,Cough,Fatigue,Chills,Body Pain,Headache,Sore Throat,Flu
Depression,Weight Loss,Anxiety,Lack of Concentration,Weight Gain,Fatigue,Sleep Problems,Depression
Headache,Dehydration,Abdominal Pain,Vomiting,Diarrhea,Nausea,Fever,Food Poisoning
Cough,Chest Pain,Shortness of Breath,Fatigue,Anxiety,Sweating,Wheezing,Asthma
Sore Throat,Body Pain,Fever,Chills,Fatigue,Cough,Headache,Flu
Shortness of Breath,Sore Throat,Cough,Chest Pain,Loss of Smell,Fever,Fatigue,COVID-19
Thirst,Fatigue,Hunger,Blurred Vision,Weight Loss,Frequent Urination,Infections,Diabetes
Sore Throat,Loss of Smell,Cough,Fatigue,Chest Pain,Shortness of Breath,Fever,COVID-19
Hunger,Blurred Vision,Weight Loss,Thirst,Frequent Urination,Infections,Fatigue,Diabetes
Anxiety,Wheezing,Chest Pain,Cough,Shortness of Breath,Fatigue,Sweating,Asthma
Dizziness,Anxiety,Sweating,Shortness of Breath,Nausea,Fatigue,Chest Pain,Heart Disease
Fatigue,Depression,Sleep Problems,Weight Loss,Lack of Concentration,Weight Gain,Anxiety,Depression
Fever,Sore Throat,Cough,Headache,Chills,Body Pain,Fatigue,Flu
Depression,Weight Loss,Anxiety,Fatigue,Weight Gain,Sleep Problems,Lack of Concentration,Depression
Chest Pain,Fatigue,Nausea,Anxiety,Shortness of Breath,Sweating,Dizziness,Heart Disease
Headache,Body Pain,Cough,Fever,Fatigue,Chills,Sore Throat,Flu
Sweating,Shortness of Breath,Chest Pain,Wheezing,Cough,Fatigue,Anxiety,Asthma
Abdominal Pain,Fever,Headache,Diarrhea,Vomiting,Dehydration,Nausea,Food Poisoning
Sore Throat,Cough,Shortness of Breath,Loss of Smell,Fatigue,Chest Pain,Fever,COVID-19
Fever,Diarrhea,Abdominal Pain,Vomiting,Dehydration,Headache,Nausea,Food Poisoning
Infections,Thirst,Hunger,Fatigue,Weight Loss,Frequent Urination,Blurred Vision,Diabetes
Lack of Concentration,Weight Gain,Anxiety,Sleep Problems,Weight Loss,Depression,Fatigue,Depression
Sore Throat,Chest Pain,Fatigue,Shortness of Breath,Loss of Smell,Fever,Cough,COVID-19
Sore Throat,Fatigue,Chills,Cough,Body Pain,Headache,Fever,Flu
Sore Throat,Fatigue,Cough,Fever,Chills,Body Pain,Headache,Flu
Loss of Smell,Fatigue,Shortness of Breath,Sore Throat,Fever,Chest Pain,Cough,COVID-19
Weight Gain,Sleep Problems,Depression,Anxiety,Lack of Concentration,Weight Loss,Fatigue,Depression
Itching,Red Eyes,Rash,Cough,Swelling,Sneezing,Runny Nose,Allergy
Weight Loss,Hunger,Thirst,Blurred Vision,Frequent Urination,Infections,Fatigue,Diabetes
Nausea,Dehydration,Abdominal Pain,Headache,Diarrhea,Vomiting,Fever,Food Poisoning
Shortness of Breath,Anxiety,Fatigue,Chest Pain,Nausea,Dizziness,Sweating,Heart Disease
Fever,Nausea,Vomiting,Diarrhea,Headache,Dehydration,Abdominal Pain,Food Poisoning
Anxiety,Cough,Sweating,Shortness of Breath,Wheezing,Chest Pain,Fatigue,Asthma
Sneezing,Swelling,Rash,Runny Nose,Red Eyes,Itching,Cough,Allergy
Fatigue,Wheezing,Chest Pain,Cough,Anxiety,Shortness of Breath,Sweating,Asthma
Fever,Body Pain,Fatigue,Headache,Sore Throat,Cough,Chills,Flu
Fatigue,Anxiety,Sweating,Chest Pain,Shortness of Breath,Nausea,Dizziness,Heart Disease
Diarrhea,Nausea,Abdominal Pain,Dehydration,Vomiting,Fever,Headache,Food Poisoning
Dizziness,Fatigue,Anxiety,Sweating,Nausea,Shortness of Breath,Chest Pain,Heart Disease
Red Eyes,Sneezing,Runny Nose,Itching,Cough,Swelling,Rash,Allergy
Cough,Loss of Smell,Fatigue,Shortness of Breath,Chest Pain,Fever,Sore Throat,COVID-19
Blurred Vision,Thirst,Frequent Urination,Infections,Weight Loss,Fatigue,Hunger,Diabetes
Fatigue,Body Pain,Headache,Cough,Sore Throat,Chills,Fever,Flu
Depression,Sleep Problems,Fatigue,Weight Loss,Lack of Concentration,Weight Gain,Anxiety,Depression
Rash,Runny Nose,Cough,Itching,Swelling,Red Eyes,Sneezing,Allergy
Abdominal Pain,Nausea,Headache,Vomiting,Diarrhea,Dehydration,Fever,Food Poisoning
Shortness of Breath,Cough,Sweating,Anxiety,Wheezing,Fatigue,Chest Pain,Asthma
Chest Pain,Shortness of Breath,Anxiety,Cough,Fatigue,Sweating,Wheezing,Asthma
Weight Loss,Frequent Urination,Hunger,Blurred Vision,Infections,Thirst,Fatigue,Diabetes
Wheezing,Chest Pain,Fatigue,Anxiety,Sweating,Cough,Shortness of Breath,Asthma
Nausea,Dizziness,Chest Pain,Anxiety,Fatigue,Sweating,Shortness of Breath,Heart Disease
Headache,Sore Throat,Body Pain,Fatigue,Cough,Fever,Chills,Flu
Sweating,Anxiety,Nausea,Shortness of Breath,Fatigue,Chest Pain,Dizziness,Heart Disease
Fatigue,Lack of Concentration,Weight Gain,Anxiety,Sleep Problems,Weight Loss,Depression,Depression
Loss of Smell,Cough,Chest Pain,Fatigue,Shortness of Breath,Sore Throat,Fever,COVID-19
Fatigue,Anxiety,Sweating,Dizziness,Shortness of Breath,Nausea,Chest Pain,Heart Disease
Weight Loss,Weight Gain,Lack of Concentration,Fatigue,Anxiety,Sleep Problems,Depression,Depression
Fatigue,Chills,Fever,Headache,Body Pain,Cough,Sore Throat,Flu
Weight Loss,Fatigue,Lack of Concentration,Depression,Anxiety,Weight Gain,Sleep Problems,Depression
Weight Loss,Fatigue,Hunger,Thirst,Frequent Urination,Infections,Blurred Vision,Diabetes
Swelling,Rash,Red Eyes,Itching,Cough,Runny Nose,Sneezing,Allergy
Fever,Diarrhea,Nausea,Vomiting,Dehydration,Abdominal Pain,Headache,Food Poisoning
Blurred Vision,Frequent Urination,Weight Loss,Hunger,Thirst,Infections,Fatigue,Diabetes
Cough,Body Pain,Headache,Fever,Sore Throat,Fatigue,Chills,Flu
Frequent Urination,Fatigue,Infections,Weight Loss,Blurred Vision,Thirst,Hunger,Diabetes
Dizziness,Sweating,Fatigue,Anxiety,Chest Pain,Shortness of Breath,Nausea,Heart Disease
Fatigue,Weight Gain,Lack of Concentration,Anxiety,Weight Loss,Sleep Problems,Depression,Depression
Nausea,Sweating,Chest Pain,Fatigue,Anxiety,Shortness of Breath,Dizziness,Heart Disease
Anxiety,Weight Gain,Weight Loss,Sleep Problems,Lack of Concentration,Depression,Fatigue,Depression
Depression,Fatigue,Sleep Problems,Anxiety,Weight Gain,Lack of Concentration,Weight Loss,Depression
Cough,Fatigue,Headache,Sore Throat,Chills,Body Pain,Fever,Flu
Frequent Urination,Hunger,Blurred Vision,Weight Loss,Infections,Fatigue,Thirst,Diabetes
Loss of Smell,Fever,Cough,Chest Pain,Sore Throat,Shortness of Breath,Fatigue,COVID-19
Shortness of Breath,Wheezing,Fatigue,Sweating,Cough,Chest Pain,Anxiety,Asthma
Weight Gain,Depression,Sleep Problems,Fatigue,Anxiety,Weight Loss,Lack of Concentration,Depression
Headache,Fever,Vomiting,Dehydration,Diarrhea,Nausea,Abdominal Pain,Food Poisoning
Thirst,Fatigue,Infections,Weight Loss,Hunger,Blurred Vision,Frequent Urination,Diabetes
Nausea,Dizziness,Fatigue,Anxiety,Shortness of Breath,Chest Pain,Sweating,Heart Disease
Shortness of Breath,Sweating,Cough,Chest Pain,Fatigue,Wheezing,Anxiety,Asthma
Rash,Cough,Runny Nose,Swelling,Itching,Sneezing,Red Eyes,Allergy
Itching,Runny Nose,Red Eyes,Sneezing,Cough,Swelling,Rash,Allergy
Swelling,Cough,Runny Nose,Rash,Sneezing,Itching,Red Eyes,Allergy
Abdominal Pain,Vomiting,Diarrhea,Nausea,Fever,Headache,Dehydration,Food Poisoning
Dehydration,Nausea,Diarrhea,Vomiting,Headache,Abdominal Pain,Fever,Food Poisoning
Sore Throat,Fever,Loss of Smell,Shortness of Breath,Cough,Chest Pain,Fatigue,COVID-19
Sweating,Dizziness,Shortness of Breath,Nausea,Chest Pain,Anxiety,Fatigue,Heart Disease
Rash,Runny Nose,Cough,Red Eyes,Sneezing,Swelling,Itching,Allergy
Chest Pain,Fever,Loss of Smell,Fatigue,Shortness of Breath,Cough,Sore Throat,COVID-19
Abdominal Pain,Vomiting,Diarrhea,Nausea,Fever,Headache,Dehydration,Food Poisoning
Thirst,Hunger,Infections,Weight Loss,Fatigue,Blurred Vision,Frequent Urination,Diabetes
Cough,Swelling,Red Eyes,Rash,Itching,Runny Nose,Sneezing,Allergy
Cough,Wheezing,Sweating,Anxiety,Fatigue,Chest Pain,Shortness of Breath,Asthma
Anxiety,Dizziness,Nausea,Fatigue,Shortness of Breath,Sweating,Chest Pain,Heart Disease
Fever,Body Pain,Cough,Fatigue,Sore Throat,Headache,Chills,Flu
Dehydration,Fever,Nausea,Diarrhea,Vomiting,Headache,Abdominal Pain,Food Poisoning
Diarrhea,Nausea,Abdominal Pain,Vomiting,Dehydration,Headache,Fever,Food Poisoning
Nausea,Dehydration,Fever,Abdominal Pain,Headache,Vomiting,Diarrhea,Food Poisoning
Itching,Swelling,Runny Nose,Red Eyes,Rash,Cough,Sneezing,Allergy
Sore Throat,Chest Pain,Loss of Smell,Shortness of Breath,Fatigue,Fever,Cough,COVID-19
Shortness of Breath,Cough,Sweating,Anxiety,Fatigue,Wheezing,Chest Pain,Asthma
Diarrhea,Nausea,Headache,Abdominal Pain,Dehydration,Vomiting,Fever,Food Poisoning
Chest Pain,Wheezing,Cough,Shortness of Breath,Anxiety,Fatigue,Sweating,Asthma
Fever,Diarrhea,Dehydration,Nausea,Vomiting,Abdominal Pain,Headache,Food Poisoning
Blurred Vision,Frequent Urination,Hunger,Thirst,Fatigue,Weight Loss,Infections,Diabetes
Thirst,Hunger,Fatigue,Infections,Frequent Urination,Blurred Vision,Weight Loss,Diabetes
Vomiting,Diarrhea,Fever,Headache,Abdominal Pain,Dehydration,Nausea,Food Poisoning
Sweating,Cough,Chest Pain,Anxiety,Shortness of Breath,Fatigue,Wheezing,Asthma
Anxiety,Depression,Weight Gain,Weight Loss,Lack of Concentration,Sleep Problems,Fatigue,Depression
Blurred Vision,Weight Loss,Thirst,Fatigue,Frequent Urination,Hunger,Infections,Diabetes
Blurred Vision,Weight Loss,Frequent Urination,Hunger,Infections,Thirst,Fatigue,Diabetes
Shortness of Breath,Fever,Fatigue,Loss of Smell,Chest Pain,Cough,Sore Throat,COVID-19
Sore Throat,Shortness of Breath,Loss of Smell,Fatigue,Cough,Fever,Chest Pain,COVID-19
Chest Pain,Shortness of Breath,Sweating,Dizziness,Anxiety,Nausea,Fatigue,Heart Disease
Fever,Fatigue,Sore Throat,Shortness of Breath,Chest Pain,Loss of Smell,Cough,COVID-19
Chest Pain,Cough,Anxiety,Sweating,Wheezing,Shortness of Breath,Fatigue,Asthma
Fever,Nausea,Vomiting,Dehydration,Diarrhea,Abdominal Pain,Headache,Food Poisoning
Body Pain,Headache,Fever,Chills,Fatigue,Sore Throat,Cough,Flu
Fever,Chills,Cough,Fatigue,Body Pain,Headache,Sore Throat,Flu
Dehydration,Abdominal Pain,Vomiting,Headache,Diarrhea,Fever,Nausea,Food Poisoning
Red Eyes,Runny Nose,Rash,Swelling,Cough,Itching,Sneezing,Allergy
Nausea,Sweating,Shortness of Breath,Anxiety,Fatigue,Dizziness,Chest Pain,Heart Disease
Chest Pain,Sweating,Nausea,Anxiety,Shortness of Breath,Dizziness,Fatigue,Heart Disease
Swelling,Cough,Itching,Red Eyes,Runny Nose,Sneezing,Rash,Allergy
Chest Pain,Fatigue,Cough,Shortness of Breath,Loss of Smell,Fever,Sore Throat,COVID-19
Shortness of Breath,Fatigue,Chest Pain,Wheezing,Anxiety,Sweating,Cough,Asthma
Body Pain,Sore Throat,Chills,Fatigue,Cough,Fever,Headache,Flu
Sore Throat,Fatigue,Loss of Smell,Chest Pain,Fever,Shortness of Breath,Cough,COVID-19
Fatigue,Cough,Chest Pain,Sore Throat,Loss of Smell,Shortness of Breath,Fever,COVID-19
Nausea,Dehydration,Headache,Vomiting,Abdominal Pain,Fever,Diarrhea,Food Poisoning
Chills,Headache,Fever,Sore Throat,Body Pain,Cough,Fatigue,Flu
Anxiety,Sweating,Shortness of Breath,Nausea,Fatigue,Chest Pain,Dizziness,Heart Disease
Chills,Headache,Fatigue,Fever,Cough,Sore Throat,Body Pain,Flu
Fever,Vomiting,Abdominal Pain,Nausea,Headache,Diarrhea,Dehydration,Food Poisoning
Cough,Rash,Red Eyes,Swelling,Runny Nose,Sneezing,Itching,Allergy
Vomiting,Abdominal Pain,Diarrhea,Headache,Fever,Nausea,Dehydration,Food Poisoning
Loss of Smell,Chest Pain,Shortness of Breath,Fever,Fatigue,Sore Throat,Cough,COVID-19
Fatigue,Wheezing,Shortness of Breath,Anxiety,Sweating,Cough,Chest Pain,Asthma
Weight Gain,Weight Loss,Lack of Concentration,Fatigue,Sleep Problems,Depression,Anxiety,Depression
Anxiety,Fatigue,Sweating,Nausea,Chest Pain,Dizziness,Shortness of Breath,Heart Disease
Weight Gain,Depression,Sleep Problems,Lack of Concentration,Anxiety,Weight Loss,Fatigue,Depression
Swelling,Itching,Red Eyes,Runny Nose,Sneezing,Cough,Rash,Allergy
Nausea,Headache,Vomiting,Fever,Dehydration,Abdominal Pain,Diarrhea,Food Poisoning
Red Eyes,Runny Nose,Cough,Rash,Sneezing,Swelling,Itching,Allergy
Fatigue,Body Pain,Chills,Cough,Fever,Headache,Sore Throat,Flu
Sleep Problems,Weight Loss,Fatigue,Weight Gain,Lack of Concentration,Depression,Anxiety,Depression
Weight Loss,Anxiety,Fatigue,Depression,Sleep Problems,Lack of Concentration,Weight Gain,Depression
Cough,Fatigue,Shortness of Breath,Loss of Smell,Fever,Sore Throat,Chest Pain,COVID-19
Fatigue,Cough,Headache,Sore Throat,Fever,Body Pain,Chills,Flu
Chest Pain,Shortness of Breath,Wheezing,Cough,Sweating,Anxiety,Fatigue,Asthma
Anxiety,Nausea,Fatigue,Chest Pain,Dizziness,Shortness of Breath,Sweating,Heart Disease
Fatigue,Sweating,Nausea,Shortness of Breath,Chest Pain,Anxiety,Dizziness,Heart Disease
Nausea,Diarrhea,Dehydration,Headache,Vomiting,Abdominal Pain,Fever,Food Poisoning
Itching,Swelling,Rash,Red Eyes,Runny Nose,Cough,Sneezing,Allergy
Itching,Red Eyes,Rash,Runny Nose,Swelling,Sneezing,Cough,Allergy
Nausea,Sweating,Shortness of Breath,Chest Pain,Dizziness,Anxiety,Fatigue,Heart Disease
Cough,Headache,Body Pain,Fatigue,Chills,Fever,Sore Throat,Flu
Anxiety,Fatigue,Sleep Problems,Weight Gain,Lack of Concentration,Depression,Weight Loss,Depression
Fever,Body Pain,Chills,Fatigue,Headache,Cough,Sore Throat,Flu
Sweating,Chest Pain,Shortness of Breath,Nausea,Fatigue,Dizziness,Anxiety,Heart Disease
Red Eyes,Sneezing,Rash,Itching,Cough,Runny Nose,Swelling,Allergy
Dizziness,Anxiety,Shortness of Breath,Nausea,Sweating,Fatigue,Chest Pain,Heart Disease
Rash,Itching,Runny Nose,Red Eyes,Swelling,Cough,Sneezing,Allergy
Fatigue,Lack of Concentration,Anxiety,Sleep Problems,Weight Loss,Weight Gain,Depression,Depression
Sneezing,Swelling,Runny Nose,Itching,Rash,Red Eyes,Cough,Allergy
Frequent Urination,Weight Loss,Blurred Vision,Thirst,Hunger,Fatigue,Infections,Diabetes
Body Pain,Cough,Headache,Fever,Fatigue,Chills,Sore Throat,Flu
Sweating,Fatigue,Nausea,Chest Pain,Anxiety,Shortness of Breath,Dizziness,Heart Disease
Fever,Nausea,Vomiting,Headache,Abdominal Pain,Diarrhea,Dehydration,Food Poisoning
Anxiety,Sleep Problems,Depression,Lack of Concentration,Weight Gain,Weight Loss,Fatigue,Depression
Dizziness,Fatigue,Sweating,Shortness of Breath,Anxiety,Nausea,Chest Pain,Heart Disease
Cough,Chest Pain,Sweating,Fatigue,Anxiety,Shortness of Breath,Wheezing,Asthma
Red Eyes,Swelling,Rash,Cough,Sneezing,Runny Nose,Itching,Allergy
Lack of Concentration,Weight Gain,Anxiety,Sleep Problems,Depression,Weight Loss,Fatigue,Depression
Fatigue,Anxiety,Weight Gain,Weight Loss,Depression,Sleep Problems,Lack of Concentration,Depression
Shortness of Breath,Sore Throat,Fever,Loss of Smell,Cough,Fatigue,Chest Pain,COVID-19
Anxiety,Fatigue,Weight Loss,Lack of Concentration,Weight Gain,Sleep Problems,Depression,Depression
Loss of Smell,Fever,Chest Pain,Fatigue,Sore Throat,Cough,Shortness of Breath,COVID-19
Sleep Problems,Weight Loss,Fatigue,Lack of Concentration,Depression,Weight Gain,Anxiety,Depression
Hunger,Frequent Urination,Weight Loss,Thirst,Fatigue,Blurred Vision,Infections,Diabetes
Nausea,Shortness of Breath,Fatigue,Chest Pain,Anxiety,Sweating,Dizziness,Heart Disease
Fatigue,Lack of Concentration,Anxiety,Weight Loss,Sleep Problems,Weight Gain,Depression,Depression
Fatigue,Anxiety,Dizziness,Shortness of Breath,Chest Pain,Nausea,Sweating,Heart Disease
Abdominal Pain,Nausea,Dehydration,Vomiting,Fever,Headache,Diarrhea,Food Poisoning
Weight Loss,Thirst,Frequent Urination,Fatigue,Blurred Vision,Infections,Hunger,Diabetes
Body Pain,Fatigue,Headache,Fever,Chills,Sore Throat,Cough,Flu
Swelling,Runny Nose,Sneezing,Cough,Rash,Itching,Red Eyes,Allergy
Dizziness,Fatigue,Anxiety,Chest Pain,Shortness of Breath,Nausea,Sweating,Heart Disease
Body Pain,Sore Throat,Fatigue,Headache,Chills,Cough,Fever,Flu
Shortness of Breath,Anxiety,Nausea,Chest Pain,Sweating,Fatigue,Dizziness,Heart Disease
Hunger,Thirst,Blurred Vision,Fatigue,Infections,Weight Loss,Frequent Urination,Diabetes
Weight Loss,Hunger,Frequent Urination,Infections,Fatigue,Thirst,Blurred Vision,Diabetes
Fatigue,Anxiety,Shortness of Breath,Sweating,Chest Pain,Nausea,Dizziness,Heart Disease
Cough,Chest Pain,Wheezing,Fatigue,Sweating,Shortness of Breath,Anxiety,Asthma
Rash,Red Eyes,Runny Nose,Itching,Swelling,Sneezing,Cough,Allergy
Diarrhea,Fever,Abdominal Pain,Headache,Nausea,Vomiting,Dehydration,Food Poisoning
Headache,Fever,Diarrhea,Dehydration,Vomiting,Abdominal Pain,Nausea,Food Poisoning
Wheezing,Sweating,Cough,Fatigue,Anxiety,Shortness of Breath,Chest Pain,Asthma
Chest Pain,Fatigue,Dizziness,Shortness of Breath,Sweating,Nausea,Anxiety,Heart Disease
Anxiety,Shortness of Breath,Sweating,Chest Pain,Nausea,Fatigue,Dizziness,Heart Disease
Runny Nose,Sneezing,Rash,Red Eyes,Itching,Swelling,Cough,Allergy
Dizziness,Shortness of Breath,Fatigue,Sweating,Chest Pain,Nausea,Anxiety,Heart Disease
Infections,Hunger,Thirst,Weight Loss,Fatigue,Blurred Vision,Frequent Urination,Diabetes
Anxiety,Lack of Concentration,Weight Gain,Sleep Problems,Weight Loss,Fatigue,Depression,Depression
Fatigue,Infections,Hunger,Weight Loss,Thirst,Blurred Vision,Frequent Urination,Diabetes
Dehydration,Headache,Fever,Nausea,Vomiting,Abdominal Pain,Diarrhea,Food Poisoning
Wheezing,Chest Pain,Shortness of Breath,Fatigue,Cough,Anxiety,Sweating,Asthma
Fever,Sore Throat,Fatigue,Headache,Cough,Body Pain,Chills,Flu
Body Pain,Cough,Chills,Sore Throat,Fatigue,Fever,Headache,Flu
Sleep Problems,Depression,Lack of Concentration,Anxiety,Weight Gain,Weight Loss,Fatigue,Depression
Chest Pain,Fever,Fatigue,Cough,Shortness of Breath,Sore Throat,Loss of Smell,COVID-19
Chest Pain,Fatigue,Shortness of Breath,Cough,Anxiety,Sweating,Wheezing,Asthma
Weight Loss,Infections,Blurred Vision,Fatigue,Thirst,Hunger,Frequent Urination,Diabetes
Weight Gain,Sleep Problems,Anxiety,Fatigue,Depression,Weight Loss,Lack of Concentration,Depression
Weight Loss,Infections,Thirst,Hunger,Frequent Urination,Fatigue,Blurred Vision,Diabetes
Sleep Problems,Fatigue,Weight Gain,Lack of Concentration,Depression,Weight Loss,Anxiety,Depression
Anxiety,Sweating,Wheezing,Chest Pain,Shortness of Breath,Cough,Fatigue,Asthma
Rash,Itching,Sneezing,Swelling,Runny Nose,Red Eyes,Cough,Allergy
Rash,Sneezing,Swelling,Cough,Red Eyes,Itching,Runny Nose,Allergy
Chest Pain,Cough,Fever,Loss of Smell,Sore Throat,Fatigue,Shortness of Breath,COVID-19
Rash,Runny Nose,Sneezing,Swelling,Red Eyes,Itching,Cough,Allergy
Abdominal Pain,Vomiting,Fever,Diarrhea,Nausea,Dehydration,Headache,Food Poisoning
Shortness of Breath,Fatigue,Wheezing,Cough,Sweating,Chest Pain,Anxiety,Asthma
Shortness of Breath,Sweating,Dizziness,Anxiety,Fatigue,Chest Pain,Nausea,Heart Disease
Weight Loss,Fatigue,Thirst,Infections,Frequent Urination,Blurred Vision,Hunger,Diabetes
Shortness of Breath,Anxiety,Nausea,Sweating,Dizziness,Fatigue,Chest Pain,Heart Disease
Swelling,Runny Nose,Rash,Red Eyes,Cough,Itching,Sneezing,Allergy
Cough,Swelling,Sneezing,Red Eyes,Rash,Runny Nose,Itching,Allergy
Cough,Sore Throat,Fever,Chest Pain,Shortness of Breath,Loss of Smell,Fatigue,COVID-19
Blurred Vision,Hunger,Fatigue,Infections,Frequent Urination,Thirst,Weight Loss,Diabetes
Itching,Cough,Rash,Swelling,Runny Nose,Sneezing,Red Eyes,Allergy
Fatigue,Chest Pain,Dizziness,Sweating,Anxiety,Shortness of Breath,Nausea,Heart Disease
Sweating,Fatigue,Nausea,Dizziness,Chest Pain,Shortness of Breath,Anxiety,Heart Disease
Dehydration,Nausea,Vomiting,Fever,Diarrhea,Headache,Abdominal Pain,Food Poisoning
Weight Gain,Depression,Weight Loss,Lack of Concentration,Sleep Problems,Anxiety,Fatigue,Depression
Abdominal Pain,Diarrhea,Nausea,Fever,Headache,Vomiting,Dehydration,Food Poisoning
Anxiety,Weight Gain,Depression,Sleep Problems,Weight Loss,Lack of Concentration,Fatigue,Depression
Fever,Headache,Dehydration,Nausea,Diarrhea,Vomiting,Abdominal Pain,Food Poisoning
Hunger,Weight Loss,Thirst,Fatigue,Frequent Urination,Blurred Vision,Infections,Diabetes
Cough,Wheezing,Sweating,Anxiety,Chest Pain,Shortness of Breath,Fatigue,Asthma
Fever,Cough,Headache,Chills,Sore Throat,Body Pain,Fatigue,Flu
Weight Loss,Lack of Concentration,Anxiety,Weight Gain,Depression,Fatigue,Sleep Problems,Depression
Sore Throat,Headache,Fever,Fatigue,Body Pain,Cough,Chills,Flu
Cough,Chest Pain,Shortness of Breath,Wheezing,Anxiety,Sweating,Fatigue,Asthma
Dehydration,Nausea,Vomiting,Abdominal Pain,Diarrhea,Fever,Headache,Food Poisoning
Shortness of Breath,Anxiety,Nausea,Dizziness,Fatigue,Chest Pain,Sweating,Heart Disease
Anxiety,Shortness of Breath,Cough,Wheezing,Fatigue,Chest Pain,Sweating,Asthma
Sweating,Fatigue,Wheezing,Anxiety,Shortness of Breath,Cough,Chest Pain,Asthma
Sneezing,Cough,Rash,Swelling,Red Eyes,Itching,Runny Nose,Allergy
Fatigue,Lack of Concentration,Sleep Problems,Weight Gain,Weight Loss,Anxiety,Depression,Depression
Cough,Rash,Sneezing,Red Eyes,Runny Nose,Itching,Swelling,Allergy
Vomiting,Headache,Nausea,Abdominal Pain,Diarrhea,Fever,Dehydration,Food Poisoning
Cough,Wheezing,Shortness of Breath,Chest Pain,Sweating,Anxiety,Fatigue,Asthma
Shortness of Breath,Fatigue,Chest Pain,Loss of Smell,Fever,Cough,Sore Throat,COVID-19
Wheezing,Shortness of Breath,Chest Pain,Cough,Fatigue,Anxiety,Sweating,Asthma
Fever,Headache,Abdominal Pain,Diarrhea,Dehydration,Nausea,Vomiting,Food Poisoning
Anxiety,Fatigue,Chest Pain,Cough,Shortness of Breath,Sweating,Wheezing,Asthma
Rash,Red Eyes,Runny Nose,Itching,Swelling,Sneezing,Cough,Allergy
Sweating,Dizziness,Shortness of Breath,Fatigue,Chest Pain,Anxiety,Nausea,Heart Disease
Chest Pain,Wheezing,Fatigue,Cough,Shortness of Breath,Anxiety,Sweating,Asthma
Hunger,Blurred Vision,Frequent Urination,Weight Loss,Thirst,Infections,Fatigue,Diabetes
Hunger,Blurred Vision,Frequent Urination,Thirst,Infections,Weight Loss,Fatigue,Diabetes
Frequent Urination,Blurred Vision,Infections,Hunger,Fatigue,Weight Loss,Thirst,Diabetes
Fatigue,Blurred Vision,Infections,Frequent Urination,Weight Loss,Hunger,Thirst,Diabetes
Shortness of Breath,Fatigue,Chest Pain,Anxiety,Wheezing,Sweating,Cough,Asthma
Fever,Body Pain,Fatigue,Chills,Sore Throat,Cough,Headache,Flu
Red Eyes,Rash,Itching,Sneezing,Runny Nose,Cough,Swelling,Allergy
Cough,Shortness of Breath,Sore Throat,Loss of Smell,Fatigue,Fever,Chest Pain,COVID-19
Chest Pain,Fever,Shortness of Breath,Sore Throat,Fatigue,Loss of Smell,Cough,COVID-19
Sore Throat,Body Pain,Fatigue,Fever,Headache,Chills,Cough,Flu
Chest Pain,Nausea,Fatigue,Dizziness,Sweating,Anxiety,Shortness of Breath,Heart Disease
Anxiety,Sleep Problems,Fatigue,Depression,Weight Gain,Lack of Concentration,Weight Loss,Depression
Wheezing,Cough,Sweating,Chest Pain,Fatigue,Shortness of Breath,Anxiety,Asthma
Chest Pain,Dizziness,Shortness of Breath,Sweating,Nausea,Anxiety,Fatigue,Heart Disease
Fatigue,Dizziness,Nausea,Sweating,Chest Pain,Anxiety,Shortness of Breath,Heart Disease
Dehydration,Vomiting,Nausea,Diarrhea,Fever,Headache,Abdominal Pain,Food Poisoning
Sore Throat,Loss of Smell,Shortness of Breath,Fatigue,Cough,Chest Pain,Fever,COVID-19
Sleep Problems,Weight Gain,Lack of Concentration,Weight Loss,Depression,Anxiety,Fatigue,Depression
Headache,Fever,Chills,Fatigue,Sore Throat,Cough,Body Pain,Flu
Chest Pain,Shortness of Breath,Sweating,Fatigue,Dizziness,Anxiety,Nausea,Heart Disease
Fatigue,Shortness of Breath,Anxiety,Cough,Sweating,Wheezing,Chest Pain,Asthma
Fever,Fatigue,Sore Throat,Cough,Headache,Chills,Body Pain,Flu
Dehydration,Diarrhea,Nausea,Vomiting,Abdominal Pain,Fever,Headache,Food Poisoning
Nausea,Shortness of Breath,Sweating,Anxiety,Fatigue,Dizziness,Chest Pain,Heart Disease
Fever,Fatigue,Chills,Headache,Sore Throat,Body Pain,Cough,Flu
Weight Loss,Weight Gain,Anxiety,Depression,Lack of Concentration,Fatigue,Sleep Problems,Depression
Fatigue,Sweating,Anxiety,Chest Pain,Shortness of Breath,Wheezing,Cough,Asthma
Itching,Red Eyes,Sneezing,Rash,Runny Nose,Cough,Swelling,Allergy
Sore Throat,Fever,Shortness of Breath,Cough,Loss of Smell,Fatigue,Chest Pain,COVID-19
Fever,Loss of Smell,Sore Throat,Chest Pain,Shortness of Breath,Cough,Fatigue,COVID-19
Cough,Fatigue,Chest Pain,Anxiety,Shortness of Breath,Sweating,Wheezing,Asthma
Wheezing,Cough,Shortness of Breath,Fatigue,Anxiety,Sweating,Chest Pain,Asthma
Weight Gain,Anxiety,Depression,Lack of Concentration,Weight Loss,Sleep Problems,Fatigue,Depression
Anxiety,Dizziness,Sweating,Shortness of Breath,Fatigue,Nausea,Chest Pain,Heart Disease
Frequent Urination,Weight Loss,Blurred Vision,Thirst,Fatigue,Infections,Hunger,Diabetes
Depression,Anxiety,Weight Loss,Sleep Problems,Weight Gain,Lack of Concentration,Fatigue,Depression
Anxiety,Weight Gain,Sleep Problems,Lack of Concentration,Weight Loss,Depression,Fatigue,Depression
Dehydration,Diarrhea,Vomiting,Headache,Nausea,Fever,Abdominal Pain,Food Poisoning
Fever,Vomiting,Headache,Abdominal Pain,Nausea,Dehydration,Diarrhea,Food Poisoning
Sore Throat,Chest Pain,Cough,Fatigue,Shortness of Breath,Fever,Loss of Smell,COVID-19
Loss of Smell,Cough,Sore Throat,Shortness of Breath,Fever,Chest Pain,Fatigue,COVID-19
Sneezing,Cough,Runny Nose,Swelling,Rash,Itching,Red Eyes,Allergy
Loss of Smell,Sore Throat,Cough,Shortness of Breath,Fever,Fatigue,Chest Pain,COVID-19
Fever,Cough,Body Pain,Headache,Sore Throat,Fatigue,Chills,Flu
Cough,Loss of Smell,Fever,Shortness of Breath,Fatigue,Sore Throat,Chest Pain,COVID-19
Cough,Rash,Itching,Red Eyes,Sneezing,Runny Nose,Swelling,Allergy
Frequent Urination,Infections,Thirst,Blurred Vision,Hunger,Weight Loss,Fatigue,Diabetes
Cough,Body Pain,Fatigue,Sore Throat,Fever,Chills,Headache,Flu
Abdominal Pain,Nausea,Dehydration,Vomiting,Headache,Fever,Diarrhea,Food Poisoning
Loss of Smell,Chest Pain,Sore Throat,Shortness of Breath,Fever,Fatigue,Cough,COVID-19
Cough,Itching,Swelling,Rash,Runny Nose,Sneezing,Red Eyes,Allergy
Chest Pain,Sweating,Anxiety,Shortness of Breath,Cough,Wheezing,Fatigue,Asthma
Cough,Red Eyes,Itching,Runny Nose,Rash,Swelling,Sneezing,Allergy
Cough,Itching,Runny Nose,Red Eyes,Swelling,Sneezing,Rash,Allergy
Blurred Vision,Infections,Thirst,Hunger,Frequent Urination,Weight Loss,Fatigue,Diabetes
Hunger,Thirst,Infections,Blurred Vision,Frequent Urination,Fatigue,Weight Loss,Diabetes
Abdominal Pain,Dehydration,Diarrhea,Fever,Vomiting,Headache,Nausea,Food Poisoning
Nausea,Shortness of Breath,Dizziness,Anxiety,Fatigue,Chest Pain,Sweating,Heart Disease
Weight Loss,Weight Gain,Depression,Fatigue,Anxiety,Lack of Concentration,Sleep Problems,Depression
Loss of Smell,Shortness of Breath,Fever,Sore Throat,Fatigue,Cough,Chest Pain,COVID-19
Chest Pain,Fatigue,Fever,Shortness of Breath,Sore Throat,Cough,Loss of Smell,COVID-19
Sneezing,Rash,Itching,Runny Nose,Red Eyes,Cough,Swelling,Allergy
Blurred Vision,Infections,Weight Loss,Hunger,Frequent Urination,Thirst,Fatigue,Diabetes
Fatigue,Headache,Fever,Cough,Body Pain,Chills,Sore Throat,Flu
Cough,Body Pain,Fever,Sore Throat,Chills,Headache,Fatigue,Flu
Loss of Smell,Fever,Sore Throat,Cough,Fatigue,Shortness of Breath,Chest Pain,COVID-19
Fatigue,Hunger,Thirst,Frequent Urination,Blurred Vision,Infections,Weight Loss,Diabetes
Weight Loss,Frequent Urination,Blurred Vision,Infections,Hunger,Thirst,Fatigue,Diabetes
Nausea,Shortness of Breath,Sweating,Dizziness,Chest Pain,Anxiety,Fatigue,Heart Disease
Vomiting,Abdominal Pain,Fever,Nausea,Headache,Diarrhea,Dehydration,Food Poisoning
Dehydration,Headache,Vomiting,Diarrhea,Fever,Nausea,Abdominal Pain,Food Poisoning
Headache,Body Pain,Cough,Fever,Fatigue,Sore Throat,Chills,Flu
